?‖, btu‖SI‖En‖, but‖
?‖; btu‖SI‖En‖; but‖
?‖;ll‖SI‖En‖'ll‖
?‖;re‖SI‖En‖'re‖
?‖;ve‖SI‖En‖'ve‖
‖a bas‖SI‖En‖à bas‖
‖a la‖SI‖En‖à la‖
‖abcense‖SI‖En‖absense‖
‖abck‖SI‖En‖back‖
‖aberation‖SI‖En‖aberration‖
*‖abondon‖SI‖En‖abandon‖
‖aborigene‖SI‖En‖aborigine‖
‖abortificant‖SI‖En‖abortifacient‖
‖abotu‖SI‖En‖about‖
‖abouta‖SI‖En‖about a‖
‖aboutit‖SI‖En‖about it‖
‖aboutthe‖SI‖En‖about the‖
*‖abreviat‖SI‖En‖abbreviat‖
‖abritrary‖SI‖En‖arbitrary‖
‖abscence‖SI‖En‖absence‖
‖absense‖SI‖En‖absence‖
‖absolutly‖SI‖En‖absolutely‖
‖absorbsion‖SI‖En‖absorption‖
‖absorbtion‖SI‖En‖absorption‖
‖abundacies‖SI‖En‖abundances‖
‖abundancies‖SI‖En‖abundances‖
‖abundunt‖SI‖En‖abundant‖
‖abutts‖SI‖En‖abuts‖
‖acadamy‖SI‖En‖academy‖
‖acadmic‖SI‖En‖academic‖
‖accademic‖SI‖En‖academic‖
‖accademy‖SI‖En‖academy‖
‖acccused‖SI‖En‖accused‖
‖accelleration‖SI‖En‖acceleration‖
‖accension‖SI‖En‖accession‖
‖acceptence‖SI‖En‖acceptance‖
‖acceptible‖SI‖En‖acceptable‖
‖accesories‖SI‖En‖accessories‖
‖accesorise‖SI‖En‖accessorise‖
‖accessable‖SI‖En‖accessible‖
‖accidant‖SI‖En‖accident‖
‖accidentaly‖SI‖En‖accidentally‖
‖accidently‖SI‖En‖accidentally‖
‖acclimitization‖SI‖En‖acclimatization‖
*‖accomadat‖SI‖En‖accommodat‖
‖accomdate‖SI‖En‖accommodate‖
*‖accomodat‖SI‖En‖accommodat‖
‖accomodate‖SI‖En‖accommodate‖
‖accomodated‖SI‖En‖accommodated‖
‖accomodates‖SI‖En‖accommodates‖
‖accomodating‖SI‖En‖accommodating‖
‖accomodation‖SI‖En‖accommodation‖
‖accomodations‖SI‖En‖accommodations‖
‖accompanyed‖SI‖En‖accompanied‖
‖accordeon‖SI‖En‖accordion‖
‖accordian‖SI‖En‖accordion‖
‖accordingto‖SI‖En‖according to‖
‖accoring‖SI‖En‖according‖
‖accoustic‖SI‖En‖acoustic‖
‖accquainted‖SI‖En‖acquainted‖
‖accross‖SI‖En‖across‖
‖accussed‖SI‖En‖accused‖
‖acedemic‖SI‖En‖academic‖
*‖acheiv‖SI‖En‖achiev‖
*‖achievment‖SI‖En‖achievement‖
‖achive‖SI‖En‖achieve‖
‖achivement‖SI‖En‖achievement‖
‖achivements‖SI‖En‖achievements‖
‖acknowldeged‖SI‖En‖acknowledged‖
‖acknowledgeing‖SI‖En‖acknowledging‖
‖acn‖SI‖En‖can‖
‖acocunt‖SI‖En‖account‖
‖acommodate‖SI‖En‖accommodate‖
‖acomodate‖SI‖En‖accommodate‖
‖acomplish‖SI‖En‖accomplish‖
‖acomplished‖SI‖En‖accomplished‖
‖acomplishment‖SI‖En‖accomplishment‖
‖acomplishments‖SI‖En‖accomplishments‖
‖acording‖SI‖En‖according‖
‖acordingly‖SI‖En‖accordingly‖
*‖acquaintence‖SI‖En‖acquaintance‖
‖acquiantence‖SI‖En‖acquaintance‖
‖acquiantences‖SI‖En‖acquaintances‖
‖acquited‖SI‖En‖acquitted‖
‖activites‖SI‖En‖activities‖
‖activly‖SI‖En‖actively‖
‖actualy‖SI‖En‖actually‖
‖actualyl‖SI‖En‖actually‖
‖acuracy‖SI‖En‖accuracy‖
‖acused‖SI‖En‖accused‖
‖acustom‖SI‖En‖accustom‖
‖acustommed‖SI‖En‖accustomed‖
‖adantage‖SI‖En‖advantage‖
‖adaption‖SI‖En‖adaptation‖
‖adaptions‖SI‖En‖adaptations‖
‖adavanced‖SI‖En‖advanced‖
‖adbandon‖SI‖En‖abandon‖
‖additinal‖SI‖En‖additional‖
‖additinally‖SI‖En‖additionally‖
‖addmission‖SI‖En‖admission‖
‖addopt‖SI‖En‖adopt‖
‖addopted‖SI‖En‖adopted‖
‖addoptive‖SI‖En‖adoptive‖
‖addres‖SI‖En‖address‖
‖addresable‖SI‖En‖addressable‖
‖addresed‖SI‖En‖addressed‖
‖addresing‖SI‖En‖addressing‖
‖addressess‖SI‖En‖addresses‖
‖addtion‖SI‖En‖addition‖
‖addtional‖SI‖En‖additional‖
‖adecuate‖SI‖En‖adequate‖
‖adequit‖SI‖En‖adequate‖
‖adequite‖SI‖En‖adequate‖
‖adhearing‖SI‖En‖adhering‖
‖adherance‖SI‖En‖adherence‖
‖admendment‖SI‖En‖amendment‖
‖admininistrative‖SI‖En‖administrative‖
‖adminstered‖SI‖En‖administered‖
‖adminstrate‖SI‖En‖administrate‖
‖adminstration‖SI‖En‖administration‖
‖adminstrative‖SI‖En‖administrative‖
‖adminstrator‖SI‖En‖administrator‖
‖admissability‖SI‖En‖admissibility‖
‖admissable‖SI‖En‖admissible‖
‖admited‖SI‖En‖admitted‖
‖admitedly‖SI‖En‖admittedly‖
‖adn‖SI‖En‖and‖
‖adolecent‖SI‖En‖adolescent‖
*‖adquir‖SI‖En‖acquir‖
‖adres‖SI‖En‖address‖
‖adresable‖SI‖En‖addressable‖
‖adresing‖SI‖En‖addressing‖
‖adress‖SI‖En‖address‖
‖adressable‖SI‖En‖addressable‖
‖adressed‖SI‖En‖addressed‖
‖advanage‖SI‖En‖advantage‖
‖adventrous‖SI‖En‖adventurous‖
‖advertisment‖SI‖En‖advertisement‖
‖advertisments‖SI‖En‖advertisements‖
‖advesary‖SI‖En‖adversary‖
‖adviced‖SI‖En‖advised‖
‖aeriel‖SI‖En‖aerial‖
‖aeriels‖SI‖En‖aerials‖
‖aesop‖SI‖En‖Æsop‖
‖afair‖SI‖En‖affair‖
‖afficianados‖SI‖En‖aficionados‖
‖afficionado‖SI‖En‖aficionado‖
‖afficionados‖SI‖En‖aficionados‖
‖affilate‖SI‖En‖affiliate‖
‖affilliate‖SI‖En‖affiliate‖
‖affraid‖SI‖En‖afraid‖
‖aforememtioned‖SI‖En‖aforementioned‖
‖afterthe‖SI‖En‖after the‖
‖againnst‖SI‖En‖against‖
‖agains‖SI‖En‖against‖
‖againstt he‖SI‖En‖against the‖
‖agaisnt‖SI‖En‖against‖
‖aganist‖SI‖En‖against‖
‖aggaravates‖SI‖En‖aggravates‖
‖aggreed‖SI‖En‖agreed‖
‖aggreement‖SI‖En‖agreement‖
‖aggregious‖SI‖En‖egregious‖
‖aggresive‖SI‖En‖aggressive‖
‖agian‖SI‖En‖again‖
‖agianst‖SI‖En‖against‖
‖agin‖SI‖En‖again‖
‖aginst‖SI‖En‖against‖
*‖agravat‖SI‖En‖aggravat‖
‖agre‖SI‖En‖agree‖
‖agred‖SI‖En‖agreed‖
‖agreeement‖SI‖En‖agreement‖
‖agreemeent‖SI‖En‖agreement‖
‖agreemeents‖SI‖En‖agreements‖
‖agreemnet‖SI‖En‖agreement‖
‖agreemnets‖SI‖En‖agreements‖
‖agreemnt‖SI‖En‖agreement‖
‖agregate‖SI‖En‖aggregate‖
‖agregates‖SI‖En‖aggregates‖
‖agreing‖SI‖En‖agreeing‖
‖agression‖SI‖En‖aggression‖
‖agressive‖SI‖En‖aggressive‖
‖agressively‖SI‖En‖aggressively‖
‖agressor‖SI‖En‖aggressor‖
‖agricuture‖SI‖En‖agriculture‖
‖agrieved‖SI‖En‖aggrieved‖
‖ahev‖SI‖En‖have‖
‖ahppen‖SI‖En‖happen‖
‖ahve‖SI‖En‖have‖
‖aicraft‖SI‖En‖aircraft‖
‖aiport‖SI‖En‖airport‖
‖airbourne‖SI‖En‖airborne‖
‖aircaft‖SI‖En‖aircraft‖
‖aircrafts‖SI‖En‖aircraft‖
‖airporta‖SI‖En‖airports‖
‖airrcraft‖SI‖En‖aircraft‖
‖aisian‖SI‖En‖Asian‖
‖albiet‖SI‖En‖albeit‖
‖alchohol‖SI‖En‖alcohol‖
‖alchoholic‖SI‖En‖alcoholic‖
‖alchol‖SI‖En‖alcohol‖
‖alcholic‖SI‖En‖alcoholic‖
‖alcohal‖SI‖En‖alcohol‖
‖alcoholical‖SI‖En‖alcoholic‖
‖aledge‖SI‖En‖allege‖
‖aledged‖SI‖En‖alleged‖
‖aledges‖SI‖En‖alleges‖
‖alege‖SI‖En‖allege‖
‖aleged‖SI‖En‖alleged‖
‖alegience‖SI‖En‖allegiance‖
‖algebraical‖SI‖En‖algebraic‖
‖algorhitms‖SI‖En‖algorithms‖
‖algoritm‖SI‖En‖algorithm‖
‖algoritms‖SI‖En‖algorithms‖
‖alientating‖SI‖En‖alienating‖
B0‖align‖SI‖En‖‖
‖alledge‖SI‖En‖allege‖
‖alledged‖SI‖En‖alleged‖
‖alledgedly‖SI‖En‖allegedly‖
‖alledges‖SI‖En‖alleges‖
‖allegedely‖SI‖En‖allegedly‖
‖allegedy‖SI‖En‖allegedly‖
‖allegely‖SI‖En‖allegedly‖
‖allegence‖SI‖En‖allegiance‖
‖allegience‖SI‖En‖allegiance‖
*‖allign‖SI‖En‖align‖
‖alliviate‖SI‖En‖alleviate‖
‖allopone‖SI‖En‖allophone‖
‖allopones‖SI‖En‖allophones‖
‖allready‖SI‖En‖already‖
‖allthough‖SI‖En‖although‖
‖alltime‖SI‖En‖all-time‖
‖allwasy‖SI‖En‖always‖
‖allwyas‖SI‖En‖always‖
‖almots‖SI‖En‖almost‖
‖almsot‖SI‖En‖almost‖
‖alochol‖SI‖En‖alcohol‖
‖alomst‖SI‖En‖almost‖
‖alonw‖SI‖En‖alone‖
‖alotted‖SI‖En‖allotted‖
‖alowed‖SI‖En‖allowed‖
‖alowing‖SI‖En‖allowing‖
‖alraedy‖SI‖En‖already‖
‖alreayd‖SI‖En‖already‖
‖alreday‖SI‖En‖already‖
‖alsation‖SI‖En‖Alsatian‖
‖alse‖SI‖En‖else‖
‖alsot‖SI‖En‖also‖
‖alterior‖SI‖En‖ulterior‖
‖alternitives‖SI‖En‖alternatives‖
‖altho‖SI‖En‖although‖
‖althought‖SI‖En‖although‖
‖altough‖SI‖En‖although‖
‖alusion‖SI‖En‖allusion‖
‖alwasy‖SI‖En‖always‖
‖alwats‖SI‖En‖always‖
‖alway‖SI‖En‖always‖
‖alwyas‖SI‖En‖always‖
‖amalgomated‖SI‖En‖amalgamated‖
‖amatuer‖SI‖En‖amateur‖
‖amde‖SI‖En‖made‖
‖amendmant‖SI‖En‖amendment‖
*‖ameria‖SI‖En‖America‖
‖amerliorate‖SI‖En‖ameliorate‖
‖amke‖SI‖En‖make‖
‖amkes‖SI‖En‖makes‖
‖amking‖SI‖En‖making‖
‖ammend‖SI‖En‖amend‖
‖ammended‖SI‖En‖amended‖
‖ammendment‖SI‖En‖amendment‖
‖ammendments‖SI‖En‖amendments‖
‖ammount‖SI‖En‖amount‖
‖ammused‖SI‖En‖amused‖
‖amoung‖SI‖En‖among‖
‖amoungst‖SI‖En‖amongst‖
‖amung‖SI‖En‖among‖
‖analagous‖SI‖En‖analogous‖
‖analitic‖SI‖En‖analytic‖
‖analogeous‖SI‖En‖analogous‖
‖anarchim‖SI‖En‖anarchism‖
‖anarchistm‖SI‖En‖anarchism‖
‖anbd‖SI‖En‖and‖
‖ancestory‖SI‖En‖ancestry‖
‖ancien regime‖SI‖En‖Ancien Régime‖
‖ancilliary‖SI‖En‖ancillary‖
‖andone‖SI‖En‖and one‖
‖androgenous‖SI‖En‖androgynous‖
‖androgeny‖SI‖En‖androgyny‖
‖andt he‖SI‖En‖and the‖
‖andteh‖SI‖En‖and the‖
‖andthe‖SI‖En‖and the‖
‖angstrom‖SI‖En‖Ångström‖
‖angstroms‖SI‖En‖Ångströms‖
‖anihilation‖SI‖En‖annihilation‖
‖anime‖SI‖En‖animé‖
‖animes‖SI‖En‖animés‖
‖aniversary‖SI‖En‖anniversary‖
‖anmd‖SI‖En‖and‖
‖annoint‖SI‖En‖anoint‖
‖annointed‖SI‖En‖anointed‖
‖annointing‖SI‖En‖anointing‖
‖annoints‖SI‖En‖anoints‖
‖annouced‖SI‖En‖announced‖
‖annualy‖SI‖En‖annually‖
‖annuled‖SI‖En‖annulled‖
‖anohter‖SI‖En‖another‖
‖anomolies‖SI‖En‖anomalies‖
‖anomolous‖SI‖En‖anomalous‖
‖anomoly‖SI‖En‖anomaly‖
‖anonimity‖SI‖En‖anonymity‖
‖anotehr‖SI‖En‖another‖
‖anothe‖SI‖En‖another‖
‖anounced‖SI‖En‖announced‖
‖ansalisation‖SI‖En‖nasalisation‖
‖ansalization‖SI‖En‖nasalization‖
‖ansestors‖SI‖En‖ancestors‖
‖ansi‖SI‖En‖ANSI‖
‖antartic‖SI‖En‖antarctic‖
‖anthromorphisation‖SI‖En‖anthropomorphisation‖
‖anthromorphization‖SI‖En‖anthropomorphization‖
‖anti-semetic‖SI‖En‖anti-Semitic‖
B0‖antiforeign‖SI‖En‖‖
‖anual‖SI‖En‖annual‖
‖anulled‖SI‖En‖annulled‖
‖anwsered‖SI‖En‖answered‖
‖anyhwere‖SI‖En‖anywhere‖
‖anyother‖SI‖En‖any other‖
‖anytying‖SI‖En‖anything‖
‖ao dai‖SI‖En‖ào dái‖
‖aparent‖SI‖En‖apparent‖
‖aparment‖SI‖En‖apartment‖
‖apenines‖SI‖En‖Apennines‖
‖apertif‖SI‖En‖apértif‖
‖apertifs‖SI‖En‖apértifs‖
‖aplication‖SI‖En‖application‖
‖aplied‖SI‖En‖applied‖
‖apolegetics‖SI‖En‖apologetics‖
‖apparant‖SI‖En‖apparent‖
‖apparantly‖SI‖En‖apparently‖
‖apparrent‖SI‖En‖apparent‖
‖appart‖SI‖En‖apart‖
‖appartment‖SI‖En‖apartment‖
‖appartments‖SI‖En‖apartments‖
‖appealling‖SI‖En‖appealing‖
‖appeareance‖SI‖En‖appearance‖
‖appearence‖SI‖En‖appearance‖
‖appearences‖SI‖En‖appearances‖
‖appeares‖SI‖En‖appears‖
‖appenines‖SI‖En‖Apennines‖
‖apperance‖SI‖En‖appearance‖
‖apperances‖SI‖En‖appearances‖
‖applicaiton‖SI‖En‖application‖
‖applicaitons‖SI‖En‖applications‖
‖applique‖SI‖En‖appliqué‖
‖appliques‖SI‖En‖appliqués‖
‖applyed‖SI‖En‖applied‖
‖appointiment‖SI‖En‖appointment‖
‖appologies‖SI‖En‖apologies‖
‖appology‖SI‖En‖apology‖
‖apprearance‖SI‖En‖appearance‖
‖apprieciate‖SI‖En‖appreciate‖
‖approachs‖SI‖En‖approaches‖
‖appropiate‖SI‖En‖appropriate‖
‖appropraite‖SI‖En‖appropriate‖
‖appropropiate‖SI‖En‖appropriate‖
‖approproximate‖SI‖En‖approximate‖
‖approrpiate‖SI‖En‖appropriate‖
‖approrpriate‖SI‖En‖appropriate‖
‖approxamately‖SI‖En‖approximately‖
‖approxiately‖SI‖En‖approximately‖
‖approximitely‖SI‖En‖approximately‖
‖aprehensive‖SI‖En‖apprehensive‖
‖apres‖SI‖En‖après‖
‖april‖SI‖En‖April‖
‖apropriate‖SI‖En‖appropriate‖
‖aproximate‖SI‖En‖approximate‖
‖aproximately‖SI‖En‖approximately‖
‖aquaintance‖SI‖En‖acquaintance‖
‖aquainted‖SI‖En‖acquainted‖
‖aquiantance‖SI‖En‖acquaintance‖
‖aquire‖SI‖En‖acquire‖
‖aquired‖SI‖En‖acquired‖
‖aquiring‖SI‖En‖acquiring‖
*‖aquisition‖SI‖En‖acquisition‖
‖aquit‖SI‖En‖acquit‖
‖aquitted‖SI‖En‖acquitted‖
‖aranged‖SI‖En‖arranged‖
‖arangement‖SI‖En‖arrangement‖
‖arbitarily‖SI‖En‖arbitrarily‖
‖arbitary‖SI‖En‖arbitrary‖
‖arbouretum‖SI‖En‖arboretum‖
*‖archaelog‖SI‖En‖archaeolog‖
*‖archetect‖SI‖En‖architect‖
‖archetectural‖SI‖En‖architectural‖
‖archetecturally‖SI‖En‖architecturally‖
‖archetecture‖SI‖En‖architecture‖
‖archiac‖SI‖En‖archaic‖
‖archictect‖SI‖En‖architect‖
‖archimedian‖SI‖En‖Archimedean‖
‖architechturally‖SI‖En‖architecturally‖
‖architechture‖SI‖En‖architecture‖
‖architechtures‖SI‖En‖architectures‖
‖architectual‖SI‖En‖architectural‖
*‖archtyp‖SI‖En‖archetyp‖
‖aready‖SI‖En‖already‖
‖areodynamics‖SI‖En‖aerodynamics‖
‖arete‖SI‖En‖arête‖
‖argubly‖SI‖En‖arguably‖
*‖arguement‖SI‖En‖argument‖
‖arised‖SI‖En‖arose‖
‖arival‖SI‖En‖arrival‖
‖armamant‖SI‖En‖armament‖
‖armistace‖SI‖En‖armistice‖
‖arn't‖SI‖En‖aren't‖
‖arond‖SI‖En‖around‖
‖aroud‖SI‖En‖around‖
B0‖arraign‖SI‖En‖‖
‖arrangment‖SI‖En‖arrangement‖
‖arrangments‖SI‖En‖arrangements‖
‖arround‖SI‖En‖around‖
‖artical‖SI‖En‖article‖
‖artice‖SI‖En‖article‖
‖articel‖SI‖En‖article‖
‖artifical‖SI‖En‖artificial‖
‖artifically‖SI‖En‖artificially‖
‖artillary‖SI‖En‖artillery‖
‖arund‖SI‖En‖around‖
‖asdvertising‖SI‖En‖advertising‖
‖asetic‖SI‖En‖ascetic‖
‖asign‖SI‖En‖assign‖
‖askt he‖SI‖En‖ask the‖
‖aslo‖SI‖En‖also‖
*‖asociat‖SI‖En‖associat‖
‖asorbed‖SI‖En‖absorbed‖
‖asphyxation‖SI‖En‖asphyxiation‖
*‖assasin‖SI‖En‖assassin‖
‖assassintation‖SI‖En‖assassination‖
‖assemple‖SI‖En‖assemble‖
‖assertation‖SI‖En‖assertion‖
‖assesment‖SI‖En‖assessment‖
‖asside‖SI‖En‖aside‖
B0‖assign‖SI‖En‖‖
‖assisnate‖SI‖En‖assassinate‖
‖assistent‖SI‖En‖assistant‖
‖assit‖SI‖En‖assist‖
‖assitant‖SI‖En‖assistant‖
‖assocation‖SI‖En‖association‖
‖assoicate‖SI‖En‖associate‖
‖assoicated‖SI‖En‖associated‖
‖assoicates‖SI‖En‖associates‖
‖assosication‖SI‖En‖assassination‖
‖asssassans‖SI‖En‖assassins‖
‖assualt‖SI‖En‖assault‖
‖assualted‖SI‖En‖assaulted‖
*‖assymetr‖SI‖En‖asymmet‖
‖asteriod‖SI‖En‖asteroid‖
‖asthe‖SI‖En‖as the‖
‖asthetic‖SI‖En‖aesthetic‖
‖asthetical‖SI‖En‖aesthetic‖
‖asthetically‖SI‖En‖aesthetically‖
‖asume‖SI‖En‖assume‖
‖aswell‖SI‖En‖as well‖
‖atain‖SI‖En‖attain‖
*‖atempt‖SI‖En‖attempt‖
‖atention‖SI‖En‖attention‖
‖atheistical‖SI‖En‖atheistic‖
‖athenean‖SI‖En‖Athenian‖
‖atheneans‖SI‖En‖Athenians‖
‖athiesm‖SI‖En‖atheism‖
‖athiest‖SI‖En‖atheist‖
‖atmospher‖SI‖En‖atmosphere‖
‖atorney‖SI‖En‖attorney‖
*‖atribut‖SI‖En‖attribut‖
‖attache‖SI‖En‖attaché‖
‖attaches‖SI‖En‖attachés‖
‖attatch‖SI‖En‖attach‖
‖attemp‖SI‖En‖attempt‖
‖attemped‖SI‖En‖attempted‖
‖attemt‖SI‖En‖attempt‖
‖attemted‖SI‖En‖attempted‖
‖attemting‖SI‖En‖attempting‖
‖attemts‖SI‖En‖attempts‖
‖attendence‖SI‖En‖attendance‖
‖attendent‖SI‖En‖attendant‖
‖attendents‖SI‖En‖attendants‖
‖attened‖SI‖En‖attended‖
‖attension‖SI‖En‖attention‖
‖attentioin‖SI‖En‖attention‖
‖atthe‖SI‖En‖at the‖
‖attitide‖SI‖En‖attitude‖
‖attributred‖SI‖En‖attributed‖
‖attrocities‖SI‖En‖atrocities‖
‖audeince‖SI‖En‖audience‖
‖audiance‖SI‖En‖audience‖
‖august‖SI‖En‖August‖
‖austrailia‖SI‖En‖Australia‖
‖austrailian‖SI‖En‖Australian‖
‖australian‖SI‖En‖Australian‖
‖auther‖SI‖En‖author‖
‖authobiographic‖SI‖En‖autobiographic‖
‖authobiography‖SI‖En‖autobiography‖
‖authorative‖SI‖En‖authoritative‖
‖authorites‖SI‖En‖authorities‖
‖authorithy‖SI‖En‖authority‖
‖authoritiers‖SI‖En‖authorities‖
‖authoritive‖SI‖En‖authoritative‖
‖authrorities‖SI‖En‖authorities‖
‖auto-da-fe‖SI‖En‖auto-da-fé‖
‖autochtonous‖SI‖En‖autochthonous‖
‖autoctonous‖SI‖En‖autochthonous‖
‖automaticly‖SI‖En‖automatically‖
‖automibile‖SI‖En‖automobile‖
‖automonomous‖SI‖En‖autonomous‖
‖autor‖SI‖En‖author‖
‖autority‖SI‖En‖authority‖
‖auxilary‖SI‖En‖auxiliary‖
‖auxillaries‖SI‖En‖auxiliaries‖
‖auxillary‖SI‖En‖auxiliary‖
‖auxilliaries‖SI‖En‖auxiliaries‖
‖auxilliary‖SI‖En‖auxiliary‖
*‖avaialb‖SI‖En‖availab‖
‖availablility‖SI‖En‖availability‖
‖availaible‖SI‖En‖available‖
‖availalbe‖SI‖En‖available‖
‖availble‖SI‖En‖available‖
‖availiable‖SI‖En‖available‖
‖availible‖SI‖En‖available‖
‖avalable‖SI‖En‖available‖
‖avalance‖SI‖En‖avalanche‖
‖avaliable‖SI‖En‖available‖
‖avation‖SI‖En‖aviation‖
‖avengence‖SI‖En‖a vengeance‖
‖averageed‖SI‖En‖averaged‖
‖avilable‖SI‖En‖available‖
‖awared‖SI‖En‖awarded‖
‖awya‖SI‖En‖away‖
‖aywa‖SI‖En‖away‖
‖baceause‖SI‖En‖because‖
‖backgorund‖SI‖En‖background‖
‖backrounds‖SI‖En‖backgrounds‖
‖bakc‖SI‖En‖back‖
‖balence‖SI‖En‖balance‖
‖ballance‖SI‖En‖balance‖
‖banannas‖SI‖En‖bananas‖
‖bandwith‖SI‖En‖bandwidth‖
‖bankrupcy‖SI‖En‖bankruptcy‖
‖banruptcy‖SI‖En‖bankruptcy‖
‖baout‖SI‖En‖about‖
‖barbeque‖SI‖En‖barbecue‖
‖basicaly‖SI‖En‖basically‖
‖basicly‖SI‖En‖basically‖
‖bcak‖SI‖En‖back‖
‖beachead‖SI‖En‖beachhead‖
‖beacuse‖SI‖En‖because‖
‖beastiality‖SI‖En‖bestiality‖
‖beatiful‖SI‖En‖beautiful‖
‖beaurocracy‖SI‖En‖bureaucracy‖
‖beaurocratic‖SI‖En‖bureaucratic‖
‖beautyfull‖SI‖En‖beautiful‖
‖becamae‖SI‖En‖became‖
‖becasue‖SI‖En‖because‖
‖becaus‖SI‖En‖because‖
‖becausea‖SI‖En‖because a‖
‖becauseof‖SI‖En‖because of‖
‖becausethe‖SI‖En‖because the‖
‖becauseyou‖SI‖En‖because you‖
‖beccause‖SI‖En‖because‖
‖becoe‖SI‖En‖become‖
‖becomeing‖SI‖En‖becoming‖
‖becomming‖SI‖En‖becoming‖
‖becouse‖SI‖En‖because‖
‖becuase‖SI‖En‖because‖
‖becuse‖SI‖En‖because‖
‖bedore‖SI‖En‖before‖
‖befoer‖SI‖En‖before‖
‖begginer‖SI‖En‖beginner‖
‖begginers‖SI‖En‖beginners‖
‖beggining‖SI‖En‖beginning‖
‖begginings‖SI‖En‖beginnings‖
‖beggins‖SI‖En‖begins‖
‖begining‖SI‖En‖beginning‖
‖beginining‖SI‖En‖beginning‖
‖beginnig‖SI‖En‖beginning‖
‖behavour‖SI‖En‖behaviour‖
‖beleagured‖SI‖En‖beleaguered‖
‖beleiev‖SI‖En‖believe‖
‖beleieve‖SI‖En‖believe‖
‖beleif‖SI‖En‖belief‖
‖beleive‖SI‖En‖believe‖
‖beleived‖SI‖En‖believed‖
‖beleives‖SI‖En‖believes‖
‖beleiving‖SI‖En‖believing‖
‖beligum‖SI‖En‖belgium‖
‖belive‖SI‖En‖believe‖
‖belived‖SI‖En‖believed‖
‖belle epoque‖SI‖En‖belle époque‖
‖belligerant‖SI‖En‖belligerent‖
‖bellweather‖SI‖En‖bellwether‖
‖bemusemnt‖SI‖En‖bemusement‖
‖benefical‖SI‖En‖beneficial‖
‖beneficary‖SI‖En‖beneficiary‖
‖beng‖SI‖En‖being‖
‖benificial‖SI‖En‖beneficial‖
‖benifit‖SI‖En‖benefit‖
‖benifits‖SI‖En‖benefits‖
B0‖benign‖SI‖En‖‖
‖bergamont‖SI‖En‖bergamot‖
‖bernouilli‖SI‖En‖Bernoulli‖
‖beseige‖SI‖En‖besiege‖
‖beseiged‖SI‖En‖besieged‖
‖beseiging‖SI‖En‖besieging‖
‖bete noire‖SI‖En‖bête noire‖
‖betise‖SI‖En‖bêtise‖
‖betweeen‖SI‖En‖between‖
‖betwen‖SI‖En‖between‖
‖beutiful‖SI‖En‖beautiful‖
‖bewteen‖SI‖En‖between‖
‖bicep‖SI‖En‖biceps‖
‖bilateraly‖SI‖En‖bilaterally‖
?‖bilites‖SI‖En‖bilities‖
‖billingualism‖SI‖En‖bilingualism‖
?‖bilties‖SI‖En‖bilities‖
?‖bilty‖SI‖En‖bility‖
‖binominal‖SI‖En‖binomial‖
‖bizzare‖SI‖En‖bizarre‖
‖Bjorn‖SI‖En‖Bjørn‖
‖blaim‖SI‖En‖blame‖
‖blaimed‖SI‖En‖blamed‖
‖blase‖SI‖En‖blasé‖
‖blessure‖SI‖En‖blessing‖
?‖blities‖SI‖En‖bilities‖
?‖blity‖SI‖En‖bility‖
‖blitzkreig‖SI‖En‖Blitzkrieg‖
‖bodydbuilder‖SI‖En‖bodybuilder‖
‖boite‖SI‖En‖boîte‖
‖bombardement‖SI‖En‖bombardment‖
‖bombarment‖SI‖En‖bombardment‖
‖bondary‖SI‖En‖boundary‖
‖bonnano‖SI‖En‖Bonanno‖
‖borke‖SI‖En‖broke‖
‖boundry‖SI‖En‖boundary‖
‖boutonniere‖SI‖En‖boutonnière‖
‖bouy‖SI‖En‖buoy‖
‖bouyancy‖SI‖En‖buoyancy‖
‖bouyant‖SI‖En‖buoyant‖
‖boxs‖SI‖En‖boxes‖
‖boyant‖SI‖En‖buoyant‖
‖brasillian‖SI‖En‖Brazilian‖
‖breakthough‖SI‖En‖breakthrough‖
‖breakthroughts‖SI‖En‖breakthroughs‖
‖breif‖SI‖En‖brief‖
‖breifly‖SI‖En‖briefly‖
‖brethen‖SI‖En‖brethren‖
‖bretheren‖SI‖En‖brethren‖
‖briliant‖SI‖En‖brilliant‖
‖brillant‖SI‖En‖brilliant‖
‖brimestone‖SI‖En‖brimstone‖
‖britian‖SI‖En‖Britain‖
‖brittish‖SI‖En‖British‖
‖broacasted‖SI‖En‖broadcast‖
‖broadacasting‖SI‖En‖broadcasting‖
‖broady‖SI‖En‖broadly‖
‖brodcast‖SI‖En‖broadcast‖
‖buddah‖SI‖En‖Buddha‖
‖buisness‖SI‖En‖business‖
‖buisnessman‖SI‖En‖businessman‖
‖buoancy‖SI‖En‖buoyancy‖
‖burried‖SI‖En‖buried‖
‖busineses‖SI‖En‖businesses‖
‖busness‖SI‖En‖business‖
‖bussiness‖SI‖En‖business‖
‖butthe‖SI‖En‖but the‖
‖bve‖SI‖En‖be‖
‖byt he‖SI‖En‖by the‖
‖cacuses‖SI‖En‖caucuses‖
‖caharcter‖SI‖En‖character‖
‖cahracters‖SI‖En‖characters‖
‖caht‖SI‖En‖chat‖
‖calander‖SI‖En‖calendar‖
‖calcullated‖SI‖En‖calculated‖
‖calculs‖SI‖En‖calculus‖
‖calenders‖SI‖En‖calendars‖
‖califronia‖SI‖En‖California‖
‖califronian‖SI‖En‖Californian‖
‖caligraphy‖SI‖En‖calligraphy‖
‖callipigian‖SI‖En‖callipygian‖
‖caluclate‖SI‖En‖calculate‖
‖caluclated‖SI‖En‖calculated‖
‖caluculate‖SI‖En‖calculate‖
‖caluculated‖SI‖En‖calculated‖
‖calulate‖SI‖En‖calculate‖
‖calulated‖SI‖En‖calculated‖
‖cambrige‖SI‖En‖Cambridge‖
‖camoflage‖SI‖En‖camouflage‖
B0‖campaign‖SI‖En‖‖
‖campain‖SI‖En‖campaign‖
‖campains‖SI‖En‖campaigns‖
‖can't of‖SI‖En‖can't have‖
‖canape‖SI‖En‖canapé‖
‖canapes‖SI‖En‖canapés‖
‖candadate‖SI‖En‖candidate‖
‖candiate‖SI‖En‖candidate‖
‖candidiate‖SI‖En‖candidate‖
‖candidtae‖SI‖En‖candidate‖
‖candidtaes‖SI‖En‖candidates‖
‖cannister‖SI‖En‖canister‖
‖cannisters‖SI‖En‖canisters‖
‖cannnot‖SI‖En‖cannot‖
‖cannonical‖SI‖En‖canonical‖
‖cannotation‖SI‖En‖connotation‖
‖cannotations‖SI‖En‖connotations‖
‖cantalope‖SI‖En‖cantaloupe‖
‖caost‖SI‖En‖coast‖
‖caperbility‖SI‖En‖capability‖
‖capetown‖SI‖En‖Cape Town‖
‖capible‖SI‖En‖capable‖
‖captial‖SI‖En‖capital‖
‖captued‖SI‖En‖captured‖
‖capturd‖SI‖En‖captured‖
‖carachter‖SI‖En‖character‖
‖caracterised‖SI‖En‖characterised‖
‖caracterized‖SI‖En‖characterized‖
‖carcas‖SI‖En‖carcass‖
‖carefull‖SI‖En‖careful‖
‖careing‖SI‖En‖caring‖
‖carismatic‖SI‖En‖charismatic‖
‖carmalite‖SI‖En‖Carmelite‖
‖carniverous‖SI‖En‖carnivorous‖
‖carreer‖SI‖En‖career‖
‖carrers‖SI‖En‖careers‖
‖carribbean‖SI‖En‖Caribbean‖
‖carribean‖SI‖En‖Caribbean‖
‖cartdridge‖SI‖En‖cartridge‖
‖carthagian‖SI‖En‖Carthaginian‖
‖carthographer‖SI‖En‖cartographer‖
‖cartilege‖SI‖En‖cartilage‖
‖cartilidge‖SI‖En‖cartilage‖
‖cartrige‖SI‖En‖cartridge‖
‖casette‖SI‖En‖cassette‖
‖casion‖SI‖En‖caisson‖
‖cassawory‖SI‖En‖cassowary‖
‖cassowarry‖SI‖En‖cassowary‖
‖casulaties‖SI‖En‖casualties‖
‖casulaty‖SI‖En‖casualty‖
?*‖catagor‖SI‖En‖categor‖
‖categiory‖SI‖En‖category‖
‖cathlic‖SI‖En‖catholic‖
‖catholocism‖SI‖En‖catholicism‖
‖catterpilar‖SI‖En‖caterpillar‖
‖catterpilars‖SI‖En‖caterpillars‖
‖cattleship‖SI‖En‖battleship‖
‖caucasion‖SI‖En‖Caucasian‖
‖causalities‖SI‖En‖casualties‖
‖ceasar‖SI‖En‖Caesar‖
‖celcius‖SI‖En‖Celsius‖
‖celebre‖SI‖En‖célèbre‖
‖celebres‖SI‖En‖célèbres‖
‖cellpading‖SI‖En‖cellpadding‖
‖cementary‖SI‖En‖cemetery‖
‖cemetarey‖SI‖En‖cemetery‖
‖cemetaries‖SI‖En‖cemeteries‖
‖cemetary‖SI‖En‖cemetery‖
‖cencus‖SI‖En‖census‖
‖cententenial‖SI‖En‖centennial‖
‖centruies‖SI‖En‖centuries‖
‖centruy‖SI‖En‖century‖
‖cerimonial‖SI‖En‖ceremonial‖
‖cerimonies‖SI‖En‖ceremonies‖
‖cerimonious‖SI‖En‖ceremonious‖
‖cerimony‖SI‖En‖ceremony‖
‖ceromony‖SI‖En‖ceremony‖
‖certainity‖SI‖En‖certainty‖
‖certian‖SI‖En‖certain‖
‖chaines‖SI‖En‖chaînés‖
‖chalenging‖SI‖En‖challenging‖
‖challange‖SI‖En‖challenge‖
‖challanged‖SI‖En‖challenged‖
‖challanges‖SI‖En‖challenges‖
‖challege‖SI‖En‖challenge‖
B0‖champaign‖SI‖En‖‖
‖champange‖SI‖En‖champagne‖
‖champs-elysees‖SI‖En‖Champs-Élysées‖
‖chaneg‖SI‖En‖change‖
‖chanegs‖SI‖En‖changes‖
‖changable‖SI‖En‖changeable‖
‖changeing‖SI‖En‖changing‖
‖changng‖SI‖En‖changing‖
‖charachter‖SI‖En‖character‖
‖charachters‖SI‖En‖characters‖
‖charactersistic‖SI‖En‖characteristic‖
‖charactor‖SI‖En‖character‖
‖charactors‖SI‖En‖characters‖
‖charasmatic‖SI‖En‖charismatic‖
‖charaterised‖SI‖En‖characterised‖
‖charaterized‖SI‖En‖characterized‖
‖charecter‖SI‖En‖character‖
‖charector‖SI‖En‖character‖
‖charge d'affaires‖SI‖En‖chargé d'affaires‖
‖chariman‖SI‖En‖chairman‖
‖charistics‖SI‖En‖characteristics‖
‖chartiable‖SI‖En‖charitable‖
‖chateau‖SI‖En‖château‖
‖chateaus‖SI‖En‖châteaus‖
‖chateaux‖SI‖En‖châteaux‖
‖cheif‖SI‖En‖chief‖
‖chekc‖SI‖En‖check‖
‖chemcial‖SI‖En‖chemical‖
‖chemcially‖SI‖En‖chemically‖
‖chemestry‖SI‖En‖chemistry‖
‖chemicaly‖SI‖En‖chemically‖
‖childbird‖SI‖En‖childbirth‖
‖childen‖SI‖En‖children‖
‖childrens‖SI‖En‖children's‖
‖chilli‖SI‖En‖chili‖
‖chnage‖SI‖En‖change‖
‖choosen‖SI‖En‖chosen‖
‖chracter‖SI‖En‖character‖
‖chuch‖SI‖En‖church‖
‖churchs‖SI‖En‖churches‖
‖cieling‖SI‖En‖ceiling‖
‖cilinder‖SI‖En‖cylinder‖
‖cincinatti‖SI‖En‖Cincinnati‖
‖cincinnatti‖SI‖En‖Cincinnati‖
‖cinema verite‖SI‖En‖cinéma vérité‖
‖cinema verites‖SI‖En‖cinéma vérités‖
‖cinemas verite‖SI‖En‖cinémas vérité‖
‖circulaton‖SI‖En‖circulation‖
‖circumsicion‖SI‖En‖circumcision‖
‖circut‖SI‖En‖circuit‖
‖ciricuit‖SI‖En‖circuit‖
‖ciriculum‖SI‖En‖curriculum‖
‖cirtus‖SI‖En‖citrus‖
‖civillian‖SI‖En‖civilian‖
‖claer‖SI‖En‖clear‖
‖claered‖SI‖En‖cleared‖
‖claerer‖SI‖En‖clearer‖
‖claerly‖SI‖En‖clearly‖
‖claimes‖SI‖En‖claims‖
‖clas‖SI‖En‖class‖
‖clasic‖SI‖En‖classic‖
‖clasical‖SI‖En‖classical‖
‖clasically‖SI‖En‖classically‖
‖cleareance‖SI‖En‖clearance‖
‖cliant‖SI‖En‖client‖
‖cliche‖SI‖En‖cliché‖
‖cliched‖SI‖En‖clichéd‖
‖cliches‖SI‖En‖clichés‖
‖clincial‖SI‖En‖clinical‖
‖clinicaly‖SI‖En‖clinically‖
‖cloisonne‖SI‖En‖cloisonné‖
‖cmoputer‖SI‖En‖computer‖
‖cna‖SI‖En‖can‖
‖co-incided‖SI‖En‖coincided‖
‖coctail‖SI‖En‖cocktail‖
B0‖codesign‖SI‖En‖‖
‖coform‖SI‖En‖conform‖
‖cognizent‖SI‖En‖cognizant‖
B0‖coign‖SI‖En‖‖
‖coincedentally‖SI‖En‖coincidentally‖
‖colaborations‖SI‖En‖collaborations‖
‖colateral‖SI‖En‖collateral‖
‖colection‖SI‖En‖collection‖
‖colelctive‖SI‖En‖collective‖
‖collaberative‖SI‖En‖collaborative‖
‖collectable‖SI‖En‖collectible‖
‖collecton‖SI‖En‖collection‖
‖collegue‖SI‖En‖colleague‖
‖collegues‖SI‖En‖colleagues‖
‖collonade‖SI‖En‖colonnade‖
‖collonies‖SI‖En‖colonies‖
‖collony‖SI‖En‖colony‖
‖collosal‖SI‖En‖colossal‖
‖colonisators‖SI‖En‖colonisers‖
‖colonizators‖SI‖En‖colonizers‖
‖colum‖SI‖En‖column‖
‖comander‖SI‖En‖commander‖
‖comando‖SI‖En‖commando‖
‖comandos‖SI‖En‖commandos‖
‖comanies‖SI‖En‖companies‖
‖comany‖SI‖En‖company‖
‖comapany‖SI‖En‖company‖
‖comapnies‖SI‖En‖companies‖
‖comapny‖SI‖En‖company‖
‖comback‖SI‖En‖comeback‖
‖combanations‖SI‖En‖combinations‖
‖combinatins‖SI‖En‖combinations‖
‖combintation‖SI‖En‖combination‖
‖combusion‖SI‖En‖combustion‖
‖comdemnation‖SI‖En‖condemnation‖
‖comemmorate‖SI‖En‖commemorate‖
‖comemmorates‖SI‖En‖commemorates‖
‖comemoretion‖SI‖En‖commemoration‖
*‖comision‖SI‖En‖commission‖
‖comission‖SI‖En‖commission‖
‖comissioned‖SI‖En‖commissioned‖
‖comissioner‖SI‖En‖commissioner‖
‖comissioning‖SI‖En‖commissioning‖
‖comissions‖SI‖En‖commissions‖
‖comit‖SI‖En‖commit‖
‖comited‖SI‖En‖committed‖
‖comiting‖SI‖En‖committing‖
‖comitted‖SI‖En‖committed‖
‖comittee‖SI‖En‖committee‖
‖comitting‖SI‖En‖committing‖
‖commadn‖SI‖En‖command‖
‖commandoes‖SI‖En‖commandos‖
‖commedic‖SI‖En‖comedic‖
‖commemerative‖SI‖En‖commemorative‖
‖commemmorate‖SI‖En‖commemorate‖
‖commemmorating‖SI‖En‖commemorating‖
‖commerical‖SI‖En‖commercial‖
‖commerically‖SI‖En‖commercially‖
‖commericial‖SI‖En‖commercial‖
‖commericially‖SI‖En‖commercially‖
‖commerorative‖SI‖En‖commemorative‖
‖comming‖SI‖En‖coming‖
‖comminication‖SI‖En‖communication‖
‖commision‖SI‖En‖commission‖
‖commisioned‖SI‖En‖commissioned‖
‖commisioner‖SI‖En‖commissioner‖
‖commisioning‖SI‖En‖commissioning‖
‖commisions‖SI‖En‖commissions‖
‖commited‖SI‖En‖committed‖
‖commitee‖SI‖En‖committee‖
‖commiting‖SI‖En‖committing‖
‖committe‖SI‖En‖committee‖
‖committment‖SI‖En‖commitment‖
‖committments‖SI‖En‖commitments‖
‖committy‖SI‖En‖committee‖
‖commmemorated‖SI‖En‖commemorated‖
‖commongly‖SI‖En‖commonly‖
‖commonweath‖SI‖En‖commonwealth‖
‖commuications‖SI‖En‖communications‖
‖commuinications‖SI‖En‖communications‖
‖communciation‖SI‖En‖communication‖
‖communiation‖SI‖En‖communication‖
‖communique‖SI‖En‖communiqué‖
‖communiques‖SI‖En‖communiqués‖
‖communites‖SI‖En‖communities‖
‖comntain‖SI‖En‖contain‖
‖comntains‖SI‖En‖contains‖
‖compability‖SI‖En‖compatibility‖
‖compair‖SI‖En‖compare‖
‖company;s‖SI‖En‖company's‖
‖comparision‖SI‖En‖comparison‖
‖comparisions‖SI‖En‖comparisons‖
‖comparitive‖SI‖En‖comparative‖
‖comparitively‖SI‖En‖comparatively‖
?*‖compatab‖SI‖En‖compatib‖
‖compatiable‖SI‖En‖compatible‖
‖compeitions‖SI‖En‖competitions‖
‖compensantion‖SI‖En‖compensation‖
‖competance‖SI‖En‖competence‖
‖competant‖SI‖En‖competent‖
‖competative‖SI‖En‖competitive‖
‖competely‖SI‖En‖completely‖
‖competitiion‖SI‖En‖competition‖
‖competive‖SI‖En‖competitive‖
‖competiveness‖SI‖En‖competitiveness‖
‖comphrehensive‖SI‖En‖comprehensive‖
‖compitent‖SI‖En‖competent‖
‖compleated‖SI‖En‖completed‖
‖compleatly‖SI‖En‖completely‖
‖compleatness‖SI‖En‖completeness‖
‖completedthe‖SI‖En‖completed the‖
‖completelyl‖SI‖En‖completely‖
‖completetion‖SI‖En‖completion‖
‖completly‖SI‖En‖completely‖
‖completness‖SI‖En‖completeness‖
‖complier‖SI‖En‖compiler‖
‖componant‖SI‖En‖component‖
‖composate‖SI‖En‖composite‖
‖comprimise‖SI‖En‖compromise‖
‖compulsary‖SI‖En‖compulsory‖
‖compulsery‖SI‖En‖compulsory‖
‖computarised‖SI‖En‖computerised‖
‖computarized‖SI‖En‖computerized‖
‖comtain‖SI‖En‖contain‖
‖comtains‖SI‖En‖contains‖
‖comunicate‖SI‖En‖communicate‖
‖comunity‖SI‖En‖community‖
‖concensus‖SI‖En‖consensus‖
‖concider‖SI‖En‖consider‖
‖concidered‖SI‖En‖considered‖
‖concidering‖SI‖En‖considering‖
‖conciders‖SI‖En‖considers‖
‖concieted‖SI‖En‖conceited‖
‖concieve‖SI‖En‖conceive‖
‖concieved‖SI‖En‖conceived‖
‖concious‖SI‖En‖conscious‖
‖conciously‖SI‖En‖consciously‖
‖conciousness‖SI‖En‖consciousness‖
‖condamned‖SI‖En‖condemned‖
‖condemmed‖SI‖En‖condemned‖
‖condidtion‖SI‖En‖condition‖
‖condidtions‖SI‖En‖conditions‖
B0‖condign‖SI‖En‖‖
‖conditionsof‖SI‖En‖conditions of‖
‖condolances‖SI‖En‖condolences‖
‖conected‖SI‖En‖connected‖
‖conection‖SI‖En‖connection‖
‖conesencus‖SI‖En‖consensus‖
‖conferance‖SI‖En‖conference‖
‖confidental‖SI‖En‖confidential‖
‖confidentally‖SI‖En‖confidentially‖
‖confids‖SI‖En‖confides‖
‖configureable‖SI‖En‖configurable‖
‖confirmmation‖SI‖En‖confirmation‖
‖confortable‖SI‖En‖comfortable‖
‖confrere‖SI‖En‖confrère‖
‖confreres‖SI‖En‖confrères‖
‖congradulations‖SI‖En‖congratulations‖
‖congresional‖SI‖En‖congressional‖
‖conived‖SI‖En‖connived‖
‖conjecutre‖SI‖En‖conjecture‖
‖conjuction‖SI‖En‖conjunction‖
‖conneticut‖SI‖En‖Connecticut‖
‖conotations‖SI‖En‖connotations‖
‖conquerd‖SI‖En‖conquered‖
‖conquerer‖SI‖En‖conqueror‖
‖conquerers‖SI‖En‖conquerors‖
‖conqured‖SI‖En‖conquered‖
‖conscent‖SI‖En‖consent‖
‖consciouness‖SI‖En‖consciousness‖
‖consdider‖SI‖En‖consider‖
‖consdidered‖SI‖En‖considered‖
‖consdiered‖SI‖En‖considered‖
‖consectutive‖SI‖En‖consecutive‖
‖consenquently‖SI‖En‖consequently‖
‖consentrate‖SI‖En‖concentrate‖
‖consentrated‖SI‖En‖concentrated‖
‖consentrates‖SI‖En‖concentrates‖
‖consept‖SI‖En‖concept‖
‖consequentually‖SI‖En‖consequently‖
‖consequeseces‖SI‖En‖consequences‖
‖consern‖SI‖En‖concern‖
‖conserned‖SI‖En‖concerned‖
‖conserning‖SI‖En‖concerning‖
‖conservitive‖SI‖En‖conservative‖
‖consiciousness‖SI‖En‖consciousness‖
‖consicousness‖SI‖En‖consciousness‖
‖considerd‖SI‖En‖considered‖
‖consideres‖SI‖En‖considered‖
‖considerit‖SI‖En‖considerate‖
‖considerite‖SI‖En‖considerate‖
B0‖consign‖SI‖En‖‖
‖consious‖SI‖En‖conscious‖
‖consistant‖SI‖En‖consistent‖
‖consistantly‖SI‖En‖consistently‖
‖consituencies‖SI‖En‖constituencies‖
‖consituency‖SI‖En‖constituency‖
‖consituted‖SI‖En‖constituted‖
‖consitution‖SI‖En‖constitution‖
‖consitutional‖SI‖En‖constitutional‖
‖consolodate‖SI‖En‖consolidate‖
‖consolodated‖SI‖En‖consolidated‖
‖consomme‖SI‖En‖consommé‖
‖consommes‖SI‖En‖consommés‖
‖consonent‖SI‖En‖consonant‖
‖consonents‖SI‖En‖consonants‖
‖consorcium‖SI‖En‖consortium‖
‖conspiracys‖SI‖En‖conspiracies‖
‖conspiriator‖SI‖En‖conspirator‖
‖conspiricy‖SI‖En‖conspiracy‖
‖constaints‖SI‖En‖constraints‖
‖constanly‖SI‖En‖constantly‖
‖constarnation‖SI‖En‖consternation‖
‖constatn‖SI‖En‖constant‖
‖constinually‖SI‖En‖continually‖
‖constituant‖SI‖En‖constituent‖
‖constituants‖SI‖En‖constituents‖
‖constituion‖SI‖En‖constitution‖
‖constituional‖SI‖En‖constitutional‖
‖consttruction‖SI‖En‖construction‖
‖constuction‖SI‖En‖construction‖
‖consulant‖SI‖En‖consultant‖
‖consultent‖SI‖En‖consultant‖
‖consumate‖SI‖En‖consummate‖
‖consumated‖SI‖En‖consummated‖
‖consumber‖SI‖En‖consumer‖
‖contaiminate‖SI‖En‖contaminate‖
‖containes‖SI‖En‖contains‖
‖contamporaries‖SI‖En‖contemporaries‖
‖contamporary‖SI‖En‖contemporary‖
‖contempoary‖SI‖En‖contemporary‖
‖contemporaneus‖SI‖En‖contemporaneous‖
‖contempory‖SI‖En‖contemporary‖
‖contendor‖SI‖En‖contender‖
*‖contien‖SI‖En‖conscien‖
‖contined‖SI‖En‖continued‖
‖continous‖SI‖En‖continuous‖
‖continously‖SI‖En‖continuously‖
‖continueing‖SI‖En‖continuing‖
‖contravercial‖SI‖En‖controversial‖
‖contraversy‖SI‖En‖controversy‖
‖contributer‖SI‖En‖contributor‖
‖contributers‖SI‖En‖contributors‖
‖contritutions‖SI‖En‖contributions‖
‖controled‖SI‖En‖controlled‖
‖controling‖SI‖En‖controlling‖
‖controll‖SI‖En‖control‖
‖controlls‖SI‖En‖controls‖
‖controvercial‖SI‖En‖controversial‖
‖controvercy‖SI‖En‖controversy‖
‖controveries‖SI‖En‖controversies‖
‖controversal‖SI‖En‖controversial‖
‖controvertial‖SI‖En‖controversial‖
‖controvery‖SI‖En‖controversy‖
‖contruction‖SI‖En‖construction‖
‖conveinent‖SI‖En‖convenient‖
‖convenant‖SI‖En‖covenant‖
‖convential‖SI‖En‖conventional‖
‖convertable‖SI‖En‖convertible‖
‖convertables‖SI‖En‖convertibles‖
‖convertion‖SI‖En‖conversion‖
‖convertor‖SI‖En‖converter‖
‖convertors‖SI‖En‖converters‖
‖conveyer‖SI‖En‖conveyor‖
‖conviced‖SI‖En‖convinced‖
‖convienient‖SI‖En‖convenient‖
‖cooparate‖SI‖En‖cooperate‖
‖cooporate‖SI‖En‖cooperate‖
‖coordiantion‖SI‖En‖coordination‖
‖coorperations‖SI‖En‖corporations‖
‖copmetitors‖SI‖En‖competitors‖
‖coputer‖SI‖En‖computer‖
‖copywrite‖SI‖En‖copyright‖
B0‖coreign‖SI‖En‖‖
‖coridal‖SI‖En‖cordial‖
‖corosion‖SI‖En‖corrosion‖
‖corparate‖SI‖En‖corporate‖
‖corperations‖SI‖En‖corporations‖
‖corproation‖SI‖En‖corporation‖
‖corproations‖SI‖En‖corporations‖
‖correcters‖SI‖En‖correctors‖
‖correponding‖SI‖En‖corresponding‖
‖correposding‖SI‖En‖corresponding‖
‖correspondant‖SI‖En‖correspondent‖
‖correspondants‖SI‖En‖correspondents‖
‖corridoors‖SI‖En‖corridors‖
‖corrispond‖SI‖En‖correspond‖
‖corrispondant‖SI‖En‖correspondent‖
‖corrispondants‖SI‖En‖correspondents‖
‖corrisponded‖SI‖En‖corresponded‖
‖corrisponding‖SI‖En‖corresponding‖
‖corrisponds‖SI‖En‖corresponds‖
‖corruptable‖SI‖En‖corruptible‖
‖cortege‖SI‖En‖cortège‖
‖corteges‖SI‖En‖cortèges‖
B0‖cosign‖SI‖En‖‖
‖costitution‖SI‖En‖constitution‖
‖cotten‖SI‖En‖cotton‖
‖coucil‖SI‖En‖council‖
‖coudl‖SI‖En‖could‖
‖coudln't‖SI‖En‖couldn't‖
‖coudn't‖SI‖En‖couldn't‖
‖could of‖SI‖En‖could have‖
‖couldnt‖SI‖En‖couldn't‖
‖couldthe‖SI‖En‖could the‖
‖coulee‖SI‖En‖coulée‖
‖coulees‖SI‖En‖coulées‖
‖counries‖SI‖En‖countries‖
‖countains‖SI‖En‖contains‖
B0‖countercampaign‖SI‖En‖‖
B0‖countersign‖SI‖En‖‖
‖countires‖SI‖En‖countries‖
‖coup d'etat‖SI‖En‖coup d'état‖
‖coup d'etats‖SI‖En‖coup d'états‖
‖coup de grace‖SI‖En‖coup de grâce‖
‖coup de tat‖SI‖En‖coup d'état‖
‖coup de tats‖SI‖En‖coup d'états‖
‖coururier‖SI‖En‖courier‖
‖cpoy‖SI‖En‖copy‖
‖creaeted‖SI‖En‖created‖
‖creche‖SI‖En‖crèche‖
‖creches‖SI‖En‖crèches‖
‖creedence‖SI‖En‖credence‖
‖creme brulee‖SI‖En‖crème brûlée‖
‖creme brulees‖SI‖En‖crème brûlées‖
‖creme caramel‖SI‖En‖crème caramel‖
‖creme caramels‖SI‖En‖crème caramels‖
‖creme de cacao‖SI‖En‖crème de cacao‖
‖creme de menthe‖SI‖En‖crème de menthe‖
‖crepe‖SI‖En‖crêpe‖
‖crepes‖SI‖En‖crêpes‖
‖creusa‖SI‖En‖Creüsa‖
‖critereon‖SI‖En‖criterion‖
‖criterias‖SI‖En‖criteria‖
‖criticing‖SI‖En‖criticising‖
‖criticists‖SI‖En‖critics‖
‖critised‖SI‖En‖criticised‖
*‖critisi‖SI‖En‖critici‖
*‖critiz‖SI‖En‖criticiz‖
‖crockodiles‖SI‖En‖crocodiles‖
‖crouton‖SI‖En‖croûton‖
‖croutons‖SI‖En‖croûtons‖
‖crtical‖SI‖En‖critical‖
*‖crticis‖SI‖En‖criticis‖
‖crucifiction‖SI‖En‖crucifixion‖
‖crudites‖SI‖En‖crudités‖
‖crusies‖SI‖En‖cruises‖
‖crystalisation‖SI‖En‖crystallisation‖
‖ctaegory‖SI‖En‖category‖
‖culiminating‖SI‖En‖culminating‖
‖cumulatative‖SI‖En‖cumulative‖
‖curacao‖SI‖En‖curaçao‖
‖curch‖SI‖En‖church‖
‖curcuit‖SI‖En‖circuit‖
‖currenly‖SI‖En‖currently‖
‖curriculem‖SI‖En‖curriculum‖
‖cusotmer‖SI‖En‖customer‖
‖cusotmers‖SI‖En‖customers‖
‖cutsomer‖SI‖En‖customer‖
‖cutsomers‖SI‖En‖customers‖
‖cxan‖SI‖En‖can‖
‖cxan‖SI‖En‖cyan‖
‖cyclinder‖SI‖En‖cylinder‖
‖dael‖SI‖En‖deal‖
‖dais‖SI‖En‖daïs‖
‖daises‖SI‖En‖daïses‖
‖dakiri‖SI‖En‖daiquiri‖
‖dalmation‖SI‖En‖dalmatian‖
‖damenor‖SI‖En‖demeanor‖
‖damenor‖SI‖En‖demeanour‖
‖damenour‖SI‖En‖demeanour‖
‖danceing‖SI‖En‖dancing‖
‖dardenelles‖SI‖En‖Dardanelles‖
*‖dcument‖SI‖En‖document‖
‖deafult‖SI‖En‖default‖
‖deatils‖SI‖En‖details‖
‖debacle‖SI‖En‖débâcle‖
‖debacles‖SI‖En‖débâcles‖
‖debateable‖SI‖En‖debatable‖
‖debutante‖SI‖En‖débutante‖
‖debutants‖SI‖En‖débutants‖
‖decaffinated‖SI‖En‖decaffeinated‖
‖decathalon‖SI‖En‖decathlon‖
‖december‖SI‖En‖December‖
‖decendant‖SI‖En‖descendant‖
‖decendants‖SI‖En‖descendants‖
‖decendent‖SI‖En‖descendant‖
‖decendents‖SI‖En‖descendants‖
‖decideable‖SI‖En‖decidable‖
‖decidely‖SI‖En‖decidedly‖
‖decieved‖SI‖En‖deceived‖
‖decison‖SI‖En‖decision‖
‖decisons‖SI‖En‖decisions‖
‖declasse‖SI‖En‖déclassé‖
‖decolletage‖SI‖En‖décolletage‖
‖decollete‖SI‖En‖décolleté‖
‖decomissioned‖SI‖En‖decommissioned‖
‖decomposit‖SI‖En‖decompose‖
‖decomposited‖SI‖En‖decomposed‖
‖decompositing‖SI‖En‖decomposing‖
‖decomposits‖SI‖En‖decomposes‖
‖decor‖SI‖En‖décor‖
‖decors‖SI‖En‖décors‖
‖decoupage‖SI‖En‖découpage‖
‖decress‖SI‖En‖decrees‖
‖decribe‖SI‖En‖describe‖
‖decribed‖SI‖En‖described‖
‖decribes‖SI‖En‖describes‖
‖decribing‖SI‖En‖describing‖
‖dectect‖SI‖En‖detect‖
‖defencive‖SI‖En‖defensive‖
‖defendent‖SI‖En‖defendant‖
‖defendents‖SI‖En‖defendants‖
‖deffensively‖SI‖En‖defensively‖
‖deffine‖SI‖En‖define‖
‖deffined‖SI‖En‖defined‖
‖definance‖SI‖En‖defiance‖
‖definate‖SI‖En‖definite‖
‖definately‖SI‖En‖definitely‖
‖definatly‖SI‖En‖definitely‖
‖definetly‖SI‖En‖definitely‖
‖definining‖SI‖En‖defining‖
‖definit‖SI‖En‖definite‖
‖definitly‖SI‖En‖definitely‖
‖definiton‖SI‖En‖definition‖
‖defintion‖SI‖En‖definition‖
‖degage‖SI‖En‖dégagé‖
‖degrate‖SI‖En‖degrade‖
‖degredation‖SI‖En‖degradation‖
B0‖deign‖SI‖En‖‖
‖deja vu‖SI‖En‖déjà vu‖
‖delagates‖SI‖En‖delegates‖
‖delapidated‖SI‖En‖dilapidated‖
‖delerious‖SI‖En‖delirious‖
‖delevopment‖SI‖En‖development‖
‖deliberatly‖SI‖En‖deliberately‖
‖delusionally‖SI‖En‖delusively‖
‖demenor‖SI‖En‖demeanor‖
‖demenour‖SI‖En‖demeanour‖
‖demode‖SI‖En‖démodé‖
‖demographical‖SI‖En‖demographic‖
‖demolision‖SI‖En‖demolition‖
‖demorcracy‖SI‖En‖democracy‖
‖demostration‖SI‖En‖demonstration‖
‖denegrating‖SI‖En‖denigrating‖
‖denoument‖SI‖En‖dénoument‖
‖densly‖SI‖En‖densely‖
‖deparment‖SI‖En‖department‖
‖dependance‖SI‖En‖dependence‖
‖dependancy‖SI‖En‖dependency‖
‖dependant‖SI‖En‖dependent‖
‖deptartment‖SI‖En‖department‖
B0‖deraign‖SI‖En‖‖
‖derailleur‖SI‖En‖dérailleur‖
‖deram‖SI‖En‖dream‖
‖derams‖SI‖En‖dreams‖
‖deriviated‖SI‖En‖derived‖
‖derivitive‖SI‖En‖derivative‖
‖derogitory‖SI‖En‖derogatory‖
‖derriere‖SI‖En‖derrière‖
‖descendands‖SI‖En‖descendants‖
‖descibed‖SI‖En‖described‖
‖descision‖SI‖En‖decision‖
‖descisions‖SI‖En‖decisions‖
‖descriibes‖SI‖En‖describes‖
‖descripters‖SI‖En‖descriptors‖
‖descriptoin‖SI‖En‖description‖
‖descripton‖SI‖En‖description‖
‖desctruction‖SI‖En‖destruction‖
‖descuss‖SI‖En‖discuss‖
‖desease‖SI‖En‖disease‖
‖desgined‖SI‖En‖designed‖
‖deshabille‖SI‖En‖déshabillé‖
*‖desicant‖SI‖En‖desiccant‖
*‖desicat‖SI‖En‖desiccat‖
‖desicion‖SI‖En‖decision‖
‖desicions‖SI‖En‖decisions‖
‖deside‖SI‖En‖decide‖
‖desigining‖SI‖En‖designing‖
B0‖design‖SI‖En‖‖
‖desinations‖SI‖En‖destinations‖
‖desintegrated‖SI‖En‖disintegrated‖
‖desintegration‖SI‖En‖disintegration‖
‖desireable‖SI‖En‖desirable‖
‖desision‖SI‖En‖decision‖
‖desisions‖SI‖En‖decisions‖
‖desitned‖SI‖En‖destined‖
‖desktiop‖SI‖En‖desktop‖
‖desorder‖SI‖En‖disorder‖
‖desoriented‖SI‖En‖disoriented‖
‖desparate‖SI‖En‖desperate‖
‖despatched‖SI‖En‖dispatched‖
‖despict‖SI‖En‖depict‖
‖despiration‖SI‖En‖desperation‖
‖dessicated‖SI‖En‖desiccated‖
‖dessigned‖SI‖En‖designed‖
‖destablised‖SI‖En‖destabilised‖
‖destablized‖SI‖En‖destabilized‖
‖destory‖SI‖En‖destroy‖
‖detailled‖SI‖En‖detailed‖
‖detatched‖SI‖En‖detached‖
‖detente‖SI‖En‖détente‖
‖deteoriated‖SI‖En‖deteriorated‖
‖deteriate‖SI‖En‖deteriorate‖
‖deterioriating‖SI‖En‖deteriorating‖
‖determinining‖SI‖En‖determining‖
‖detremental‖SI‖En‖detrimental‖
‖devasted‖SI‖En‖devastated‖
‖develeoprs‖SI‖En‖developers‖
‖devellop‖SI‖En‖develop‖
‖develloped‖SI‖En‖developed‖
‖develloper‖SI‖En‖developer‖
‖devellopers‖SI‖En‖developers‖
‖develloping‖SI‖En‖developing‖
‖devellopment‖SI‖En‖development‖
‖devellopments‖SI‖En‖developments‖
‖devellops‖SI‖En‖develop‖
‖develope‖SI‖En‖develop‖
‖developor‖SI‖En‖developer‖
‖developors‖SI‖En‖developers‖
‖developped‖SI‖En‖developed‖
‖develpment‖SI‖En‖development‖
‖devels‖SI‖En‖delves‖
‖devestated‖SI‖En‖devastated‖
‖devestating‖SI‖En‖devastating‖
‖devide‖SI‖En‖divide‖
‖devided‖SI‖En‖divided‖
‖devistating‖SI‖En‖devastating‖
‖devolopement‖SI‖En‖development‖
‖diablical‖SI‖En‖diabolical‖
‖diamante‖SI‖En‖diamanté‖
‖diamons‖SI‖En‖diamonds‖
‖diaplay‖SI‖En‖display‖
‖diarhea‖SI‖En‖diarrhoea‖
‖diaster‖SI‖En‖disaster‖
‖dichtomy‖SI‖En‖dichotomy‖
‖diciplin‖SI‖En‖discipline‖
‖diconnects‖SI‖En‖disconnects‖
‖dicover‖SI‖En‖discover‖
‖dicovered‖SI‖En‖discovered‖
‖dicovering‖SI‖En‖discovering‖
‖dicovers‖SI‖En‖discovers‖
‖dicovery‖SI‖En‖discovery‖
‖dicussed‖SI‖En‖discussed‖
‖didint‖SI‖En‖didn't‖
‖didnot‖SI‖En‖did not‖
‖didnt‖SI‖En‖didn't‖
‖dieing‖SI‖En‖dying‖
‖dieties‖SI‖En‖deities‖
‖diety‖SI‖En‖deity‖
‖difefrent‖SI‖En‖different‖
‖diferences‖SI‖En‖differences‖
‖diferent‖SI‖En‖different‖
‖diferrent‖SI‖En‖different‖
‖diffcult‖SI‖En‖difficult‖
‖diffculties‖SI‖En‖difficulties‖
‖diffculty‖SI‖En‖difficulty‖
‖differance‖SI‖En‖difference‖
‖differances‖SI‖En‖differences‖
‖differant‖SI‖En‖different‖
‖differemt‖SI‖En‖different‖
‖differentiatiations‖SI‖En‖differentiations‖
‖differnt‖SI‖En‖different‖
‖difficulity‖SI‖En‖difficulty‖
‖diffrent‖SI‖En‖different‖
‖dificulties‖SI‖En‖difficulties‖
‖dificulty‖SI‖En‖difficulty‖
‖dimenions‖SI‖En‖dimensions‖
‖dimention‖SI‖En‖dimension‖
‖dimentional‖SI‖En‖dimensional‖
‖dimentions‖SI‖En‖dimensions‖
‖dimesnional‖SI‖En‖dimensional‖
‖diminuitive‖SI‖En‖diminutive‖
‖diosese‖SI‖En‖diocese‖
‖diphtong‖SI‖En‖diphthong‖
‖diphtongs‖SI‖En‖diphthongs‖
‖diplomancy‖SI‖En‖diplomacy‖
‖diptheria‖SI‖En‖diphtheria‖
‖dipthong‖SI‖En‖diphthong‖
‖dipthongs‖SI‖En‖diphthongs‖
‖directer‖SI‖En‖director‖
‖directers‖SI‖En‖directors‖
‖directiosn‖SI‖En‖direction‖
‖dirived‖SI‖En‖derived‖
‖disagreeed‖SI‖En‖disagreed‖
‖disapear‖SI‖En‖disappear‖
‖disapeared‖SI‖En‖disappeared‖
‖disapointing‖SI‖En‖disappointing‖
‖disappearred‖SI‖En‖disappeared‖
‖disaproval‖SI‖En‖disapproval‖
‖disasterous‖SI‖En‖disastrous‖
‖disatisfaction‖SI‖En‖dissatisfaction‖
‖disatisfied‖SI‖En‖dissatisfied‖
‖disatrous‖SI‖En‖disastrous‖
‖discontentment‖SI‖En‖discontent‖
‖discotheque‖SI‖En‖discothèque‖
‖discotheques‖SI‖En‖discothèques‖
‖discoverd‖SI‖En‖discovered‖
‖discribe‖SI‖En‖describe‖
‖discribed‖SI‖En‖described‖
‖discribes‖SI‖En‖describes‖
‖discribing‖SI‖En‖describing‖
‖disctinction‖SI‖En‖distinction‖
‖disctinctive‖SI‖En‖distinctive‖
‖disemination‖SI‖En‖dissemination‖
‖disenchanged‖SI‖En‖disenchanted‖
‖disign‖SI‖En‖design‖
‖disiplined‖SI‖En‖disciplined‖
‖disobediance‖SI‖En‖disobedience‖
‖disobediant‖SI‖En‖disobedient‖
‖disolved‖SI‖En‖dissolved‖
‖disover‖SI‖En‖discover‖
‖dispair‖SI‖En‖despair‖
‖dispaly‖SI‖En‖display‖
‖disparingly‖SI‖En‖disparagingly‖
‖dispeled‖SI‖En‖dispelled‖
‖dispeling‖SI‖En‖dispelling‖
‖dispell‖SI‖En‖dispel‖
‖dispells‖SI‖En‖dispels‖
‖dispence‖SI‖En‖dispense‖
‖dispenced‖SI‖En‖dispensed‖
‖dispencing‖SI‖En‖dispensing‖
‖dispicable‖SI‖En‖despicable‖
‖dispite‖SI‖En‖despite‖
‖dispostion‖SI‖En‖disposition‖
‖disproportiate‖SI‖En‖disproportionate‖
‖disputandem‖SI‖En‖disputandum‖
‖disricts‖SI‖En‖districts‖
‖dissagreement‖SI‖En‖disagreement‖
‖dissapear‖SI‖En‖disappear‖
‖dissapearance‖SI‖En‖disappearance‖
‖dissapeared‖SI‖En‖disappeared‖
‖dissapearing‖SI‖En‖disappearing‖
‖dissapears‖SI‖En‖disappears‖
*‖dissapoint‖SI‖En‖disappoint‖
‖dissappear‖SI‖En‖disappear‖
‖dissappears‖SI‖En‖disappears‖
‖dissappointed‖SI‖En‖disappointed‖
‖dissarray‖SI‖En‖disarray‖
‖dissobediance‖SI‖En‖disobedience‖
‖dissobediant‖SI‖En‖disobedient‖
‖dissobedience‖SI‖En‖disobedience‖
‖dissobedient‖SI‖En‖disobedient‖
‖dissonent‖SI‖En‖dissonant‖
‖distiction‖SI‖En‖distinction‖
‖distingish‖SI‖En‖distinguish‖
‖distingished‖SI‖En‖distinguished‖
‖distingishes‖SI‖En‖distinguishes‖
‖distingishing‖SI‖En‖distinguishing‖
‖distingquished‖SI‖En‖distinguished‖
‖distribusion‖SI‖En‖distribution‖
‖distrubution‖SI‖En‖distribution‖
‖distruction‖SI‖En‖destruction‖
‖distructive‖SI‖En‖destructive‖
‖ditributed‖SI‖En‖distributed‖
‖divice‖SI‖En‖device‖
‖divison‖SI‖En‖division‖
‖divisons‖SI‖En‖divisions‖
‖divorcee‖SI‖En‖divorcée‖
‖divorcees‖SI‖En‖divorcées‖
*‖divsion‖SI‖En‖division‖
‖do'nt‖SI‖En‖don't‖
‖doccument‖SI‖En‖document‖
‖doccumented‖SI‖En‖documented‖
‖doccuments‖SI‖En‖documents‖
‖docrines‖SI‖En‖doctrines‖
‖doctines‖SI‖En‖doctrines‖
‖docuement‖SI‖En‖documents‖
‖docuemnt‖SI‖En‖document‖
‖documenatry‖SI‖En‖documentary‖
‖documetn‖SI‖En‖document‖
‖documnet‖SI‖En‖document‖
‖documnets‖SI‖En‖documents‖
‖doe snot‖SI‖En‖does not ‖
‖doens‖SI‖En‖does‖
‖doens't‖SI‖En‖doesn't‖
‖doese‖SI‖En‖does‖
‖doesnt‖SI‖En‖doesn't‖
‖doign‖SI‖En‖doing‖
‖doimg‖SI‖En‖doing‖
‖doind‖SI‖En‖doing‖
‖dollers‖SI‖En‖dollars‖
‖dominaton‖SI‖En‖domination‖
‖dominent‖SI‖En‖dominant‖
‖dominiant‖SI‖En‖dominant‖
‖don't no‖SI‖En‖don't know‖
‖donig‖SI‖En‖doing‖
‖dont‖SI‖En‖don't‖
‖doppelganger‖SI‖En‖doppelgänger‖
‖doppelganger‖SI‖En‖doppelgänger‖
‖doppelgangers‖SI‖En‖doppelgängers‖
‖doppelgangers‖SI‖En‖doppelgängers‖
‖dosen't‖SI‖En‖doesn't‖
‖dosn't‖SI‖En‖doesn't‖
‖doulbe‖SI‖En‖double‖
‖dowloads‖SI‖En‖downloads‖
‖dramtic‖SI‖En‖dramatic‖
‖draughtman‖SI‖En‖draughtsman‖
‖dravadian‖SI‖En‖Dravidian‖
‖dreasm‖SI‖En‖dreams‖
‖driectly‖SI‖En‖directly‖
‖driveing‖SI‖En‖driving‖
‖drnik‖SI‖En‖drink‖
‖druming‖SI‖En‖drumming‖
‖drummless‖SI‖En‖drumless‖
‖drunkeness‖SI‖En‖drunkenness‖
‖dukeship‖SI‖En‖dukedom‖
‖dumbell‖SI‖En‖dumbbell‖
‖dupicate‖SI‖En‖duplicate‖
‖durig‖SI‖En‖during‖
‖durring‖SI‖En‖during‖
‖duting‖SI‖En‖during‖
‖eachotehr‖SI‖En‖eachother‖
‖eahc‖SI‖En‖each‖
‖ealier‖SI‖En‖earlier‖
‖earlies‖SI‖En‖earliest‖
‖earnt‖SI‖En‖earned‖
‖eb‖SI‖En‖be‖
‖ecclectic‖SI‖En‖eclectic‖
‖eceonomy‖SI‖En‖economy‖
‖ecidious‖SI‖En‖deciduous‖
‖eclair‖SI‖En‖éclair‖
‖eclairs‖SI‖En‖éclairs‖
‖eclat‖SI‖En‖éclat‖
‖eclispe‖SI‖En‖eclipse‖
‖ecomonic‖SI‖En‖economic‖
‖ect‖SI‖En‖etc‖
‖eearly‖SI‖En‖early‖
‖efel‖SI‖En‖evil‖
‖efel‖SI‖En‖feel‖
‖effeciency‖SI‖En‖efficiency‖
‖effecient‖SI‖En‖efficient‖
‖effeciently‖SI‖En‖efficiently‖
‖efficency‖SI‖En‖efficiency‖
‖efficent‖SI‖En‖efficient‖
‖efficently‖SI‖En‖efficiently‖
‖effulence‖SI‖En‖effluence‖
‖efort‖SI‖En‖effort‖
‖eforts‖SI‖En‖efforts‖
‖ehr‖SI‖En‖her‖
‖ehre‖SI‖En‖here‖
‖eight o‖SI‖En‖eight o‖
‖eigth‖SI‖En‖eighth‖
‖eiter‖SI‖En‖either‖
‖el nino‖SI‖En‖El Niño‖
‖elan‖SI‖En‖élan‖
‖elast‖SI‖En‖least‖
‖electrial‖SI‖En‖electrical‖
‖electricly‖SI‖En‖electrically‖
‖electricty‖SI‖En‖electricity‖
‖elementay‖SI‖En‖elementary‖
‖eleminated‖SI‖En‖eliminated‖
‖eleminating‖SI‖En‖eliminating‖
‖eles‖SI‖En‖eels‖
‖eletricity‖SI‖En‖electricity‖
‖elicided‖SI‖En‖elicited‖
‖eligable‖SI‖En‖eligible‖
‖elimentary‖SI‖En‖elementary‖
‖ellected‖SI‖En‖elected‖
B0‖eloign‖SI‖En‖‖
‖elphant‖SI‖En‖elephant‖
*‖embarass‖SI‖En‖embarrass‖
‖embargos‖SI‖En‖embargoes‖
‖embarras‖SI‖En‖embarrass‖
‖embarrased‖SI‖En‖embarrassed‖
‖embarrasing‖SI‖En‖embarrassing‖
‖embarrasment‖SI‖En‖embarrassment‖
‖embezelled‖SI‖En‖embezzled‖
‖emblamatic‖SI‖En‖emblematic‖
‖emigre‖SI‖En‖émigré‖
‖emigres‖SI‖En‖émigrés‖
‖eminate‖SI‖En‖emanate‖
‖eminated‖SI‖En‖emanated‖
‖emision‖SI‖En‖emission‖
‖emited‖SI‖En‖emitted‖
‖emiting‖SI‖En‖emitting‖
‖emmediately‖SI‖En‖immediately‖
‖emmigrated‖SI‖En‖emigrated‖
*‖emminent‖SI‖En‖eminent‖
‖emmisaries‖SI‖En‖emissaries‖
‖emmisarries‖SI‖En‖emissaries‖
‖emmisarry‖SI‖En‖emissary‖
‖emmisary‖SI‖En‖emissary‖
‖emmision‖SI‖En‖emission‖
‖emmisions‖SI‖En‖emissions‖
‖emmited‖SI‖En‖emitted‖
‖emmiting‖SI‖En‖emitting‖
‖emmitted‖SI‖En‖emitted‖
‖emmitting‖SI‖En‖emitting‖
‖emnity‖SI‖En‖enmity‖
*‖empahs‖SI‖En‖emphas‖
‖emperical‖SI‖En‖empirical‖
‖emphaised‖SI‖En‖emphasised‖
‖emphsis‖SI‖En‖emphasis‖
‖emphysyma‖SI‖En‖emphysema‖
‖emprisoned‖SI‖En‖imprisoned‖
‖enameld‖SI‖En‖enamelled‖
‖enchancement‖SI‖En‖enhancement‖
‖encouraing‖SI‖En‖encouraging‖
‖encryptiion‖SI‖En‖encryption‖
‖encylopedia‖SI‖En‖encyclopedia‖
‖endevors‖SI‖En‖endeavors‖
‖endevour‖SI‖En‖endeavour‖
‖endevours‖SI‖En‖endeavours‖
‖endig‖SI‖En‖ending‖
‖endolithes‖SI‖En‖endoliths‖
‖enduce‖SI‖En‖induce‖
‖ened‖SI‖En‖need‖
‖enflamed‖SI‖En‖inflamed‖
‖enforceing‖SI‖En‖enforcing‖
‖engagment‖SI‖En‖engagement‖
‖engeneer‖SI‖En‖engineer‖
‖engeneering‖SI‖En‖engineering‖
‖engieneer‖SI‖En‖engineer‖
‖engieneers‖SI‖En‖engineers‖
*‖enlargment‖SI‖En‖enlargement‖
‖enlish‖SI‖En‖English‖
‖enought‖SI‖En‖enough‖
‖enourmous‖SI‖En‖enormous‖
‖enourmously‖SI‖En‖enormously‖
‖ensconsed‖SI‖En‖ensconced‖
B0‖ensign‖SI‖En‖‖
‖entaglements‖SI‖En‖entanglements‖
‖enteratinment‖SI‖En‖entertainment‖
‖entitity‖SI‖En‖entity‖
‖entitlied‖SI‖En‖entitled‖
‖entrecote‖SI‖En‖entrecôte‖
‖entree‖SI‖En‖entrée‖
‖entrees‖SI‖En‖entrées‖
‖entrepeneur‖SI‖En‖entrepreneur‖
‖entrepeneurs‖SI‖En‖entrepreneurs‖
‖entrepot‖SI‖En‖entrepôt‖
*‖enviorment‖SI‖En‖environment‖
‖enviornment‖SI‖En‖environment‖
‖enviornmental‖SI‖En‖environmental‖
‖enviornmentalist‖SI‖En‖environmentalist‖
‖enviornmentally‖SI‖En‖environmentally‖
‖enviornments‖SI‖En‖environments‖
*‖envirom‖SI‖En‖environm‖
‖envolutionary‖SI‖En‖evolutionary‖
‖envrionments‖SI‖En‖environments‖
‖enxt‖SI‖En‖next‖
‖epee‖SI‖En‖épée‖
‖epees‖SI‖En‖épées‖
‖epidsodes‖SI‖En‖episodes‖
‖epsiode‖SI‖En‖episode‖
‖equialent‖SI‖En‖equivalent‖
‖equilibium‖SI‖En‖equilibrium‖
‖equilibrum‖SI‖En‖equilibrium‖
‖equiped‖SI‖En‖equipped‖
‖equippment‖SI‖En‖equipment‖
‖equitorial‖SI‖En‖equatorial‖
‖equivalant‖SI‖En‖equivalent‖
‖equivelant‖SI‖En‖equivalent‖
‖equivelent‖SI‖En‖equivalent‖
‖equivilant‖SI‖En‖equivalent‖
‖equivilent‖SI‖En‖equivalent‖
‖equivlalent‖SI‖En‖equivalent‖
‖erally‖SI‖En‖really‖
‖eratic‖SI‖En‖erratic‖
‖eratically‖SI‖En‖erratically‖
‖eraticly‖SI‖En‖erratically‖
‖errupted‖SI‖En‖erupted‖
‖esctasy‖SI‖En‖ecstasy‖
‖esential‖SI‖En‖essential‖
‖esitmated‖SI‖En‖estimated‖
‖esle‖SI‖En‖else‖
‖especally‖SI‖En‖especially‖
‖especialy‖SI‖En‖especially‖
‖especialyl‖SI‖En‖especially‖
‖espesially‖SI‖En‖especially‖
‖essencial‖SI‖En‖essential‖
‖essense‖SI‖En‖essence‖
‖essentail‖SI‖En‖essential‖
‖essentialy‖SI‖En‖essentially‖
‖essentual‖SI‖En‖essential‖
‖essesital‖SI‖En‖essential‖
‖estabishes‖SI‖En‖establishes‖
‖establising‖SI‖En‖establishing‖
‖ethnocentricm‖SI‖En‖ethnocentrism‖
‖etouffee‖SI‖En‖étouffée‖
‖europian‖SI‖En‖European‖
‖europians‖SI‖En‖Europeans‖
‖eurpean‖SI‖En‖European‖
‖eurpoean‖SI‖En‖European‖
‖evenhtually‖SI‖En‖eventually‖
‖eventally‖SI‖En‖eventually‖
‖eventially‖SI‖En‖eventually‖
‖eventualy‖SI‖En‖eventually‖
‖everthing‖SI‖En‖everything‖
‖everytime‖SI‖En‖every time‖
‖eveyr‖SI‖En‖every‖
‖evidentally‖SI‖En‖evidently‖
‖exagerate‖SI‖En‖exaggerate‖
‖exagerated‖SI‖En‖exaggerated‖
‖exagerates‖SI‖En‖exaggerates‖
‖exagerating‖SI‖En‖exaggerating‖
‖exagerrate‖SI‖En‖exaggerate‖
‖exagerrated‖SI‖En‖exaggerated‖
‖exagerrates‖SI‖En‖exaggerates‖
‖exagerrating‖SI‖En‖exaggerating‖
‖examinated‖SI‖En‖examined‖
‖exampt‖SI‖En‖exempt‖
‖exapansion‖SI‖En‖expansion‖
‖excact‖SI‖En‖exact‖
‖excange‖SI‖En‖exchange‖
‖excecute‖SI‖En‖execute‖
‖excecuted‖SI‖En‖executed‖
‖excecutes‖SI‖En‖executes‖
‖excecuting‖SI‖En‖executing‖
‖excecution‖SI‖En‖execution‖
‖excedded‖SI‖En‖exceeded‖
*‖excede‖SI‖En‖exceed‖
‖excelent‖SI‖En‖excellent‖
‖excell‖SI‖En‖excel‖
‖excellance‖SI‖En‖excellence‖
‖excellant‖SI‖En‖excellent‖
‖excells‖SI‖En‖excels‖
‖excercise‖SI‖En‖exercise‖
‖exchagne‖SI‖En‖exchange‖
‖exchagnes‖SI‖En‖exchanges‖
‖exchanching‖SI‖En‖exchanging‖
‖excisted‖SI‖En‖existed‖
‖excitment‖SI‖En‖excitement‖
‖exculsivly‖SI‖En‖exclusively‖
‖execising‖SI‖En‖exercising‖
‖exection‖SI‖En‖execution‖
‖exectued‖SI‖En‖executed‖
‖exeedingly‖SI‖En‖exceedingly‖
‖exelent‖SI‖En‖excellent‖
‖exellent‖SI‖En‖excellent‖
‖exemple‖SI‖En‖example‖
‖exept‖SI‖En‖except‖
‖exeptional‖SI‖En‖exceptional‖
‖exerbate‖SI‖En‖exacerbate‖
‖exerbated‖SI‖En‖exacerbated‖
‖exerciese‖SI‖En‖exercises‖
‖exerpt‖SI‖En‖excerpt‖
‖exerpts‖SI‖En‖excerpts‖
‖exersize‖SI‖En‖exercise‖
‖exerternal‖SI‖En‖external‖
‖exhalted‖SI‖En‖exalted‖
‖exhcange‖SI‖En‖exchange‖
‖exhcanges‖SI‖En‖exchanges‖
‖exhibtion‖SI‖En‖exhibition‖
‖exibition‖SI‖En‖exhibition‖
‖exibitions‖SI‖En‖exhibitions‖
‖exicting‖SI‖En‖exciting‖
*‖exilerat‖SI‖En‖exhilarat‖
‖exinct‖SI‖En‖extinct‖
‖exisiting‖SI‖En‖existing‖
‖existance‖SI‖En‖existence‖
‖existant‖SI‖En‖existent‖
‖existince‖SI‖En‖existence‖
‖exliled‖SI‖En‖exiled‖
‖exludes‖SI‖En‖excludes‖
‖exmaple‖SI‖En‖example‖
‖exonorate‖SI‖En‖exonerate‖
‖exoskelaton‖SI‖En‖exoskeleton‖
‖expalin‖SI‖En‖explain‖
‖expeced‖SI‖En‖expected‖
‖expecially‖SI‖En‖especially‖
‖expeditonary‖SI‖En‖expeditionary‖
‖expeiments‖SI‖En‖experiments‖
‖expell‖SI‖En‖expel‖
‖expells‖SI‖En‖expels‖
‖experiance‖SI‖En‖experience‖
‖experianced‖SI‖En‖experienced‖
‖experienc‖SI‖En‖experience‖
‖expiditions‖SI‖En‖expeditions‖
‖expierence‖SI‖En‖experience‖
‖explaination‖SI‖En‖explanation‖
‖explaning‖SI‖En‖explaining‖
‖explictly‖SI‖En‖explicitly‖
‖exploititive‖SI‖En‖exploitative‖
‖explotation‖SI‖En‖exploitation‖
‖expresso‖SI‖En‖espresso‖
‖exprience‖SI‖En‖experience‖
‖exprienced‖SI‖En‖experienced‖
‖expropiated‖SI‖En‖expropriated‖
‖expropiation‖SI‖En‖expropriation‖
‖exressed‖SI‖En‖expressed‖
‖extemely‖SI‖En‖extremely‖
‖extention‖SI‖En‖extension‖
‖extentions‖SI‖En‖extensions‖
‖extered‖SI‖En‖exerted‖
‖extermist‖SI‖En‖extremist‖
‖extradiction‖SI‖En‖extradition‖
*‖extraterrestial‖SI‖En‖extraterrestrial‖
‖extravagent‖SI‖En‖extravagant‖
‖extrememly‖SI‖En‖extremely‖
‖extremeophile‖SI‖En‖extremophile‖
‖extremly‖SI‖En‖extremely‖
‖extrordinarily‖SI‖En‖extraordinarily‖
‖extrordinary‖SI‖En‖extraordinary‖
‖eyar‖SI‖En‖year‖
‖eyars‖SI‖En‖years‖
‖eyt‖SI‖En‖yet‖
‖facade‖SI‖En‖façade‖
‖facades‖SI‖En‖façades‖
‖facia‖SI‖En‖fascia‖
*‖faciliat‖SI‖En‖facilitat‖
‖facilites‖SI‖En‖facilities‖
‖facillitate‖SI‖En‖facilitate‖
‖facinated‖SI‖En‖fascinated‖
‖facist‖SI‖En‖fascist‖
‖faeture‖SI‖En‖feature‖
‖faetures‖SI‖En‖features‖
‖faience‖SI‖En‖faïence‖
‖familair‖SI‖En‖familiar‖
‖familar‖SI‖En‖familiar‖
‖familes‖SI‖En‖families‖
‖familliar‖SI‖En‖familiar‖
‖fammiliar‖SI‖En‖familiar‖
‖famoust‖SI‖En‖famous‖
‖fanatism‖SI‖En‖fanaticism‖
‖farenheit‖SI‖En‖Fahrenheit‖
‖fascitious‖SI‖En‖facetious‖
‖fascitis‖SI‖En‖fasciitis‖
‖faught‖SI‖En‖fought‖
‖favoutrable‖SI‖En‖favourable‖
‖feasable‖SI‖En‖feasible‖
‖february‖SI‖En‖February‖
‖febuary‖SI‖En‖February‖
‖fedreally‖SI‖En‖federally‖
B0‖feign‖SI‖En‖‖
‖feild‖SI‖En‖field‖
‖feilds‖SI‖En‖fields‖
‖feromone‖SI‖En‖pheromone‖
‖fertily‖SI‖En‖fertility‖
‖fete‖SI‖En‖fête‖
‖fetes‖SI‖En‖fêtes‖
‖fiance‖SI‖En‖fiancé‖
‖fiancee‖SI‖En‖fiancée‖
‖fiancees‖SI‖En‖fiancées‖
‖fiances‖SI‖En‖fiancés‖
‖fianite‖SI‖En‖finite‖
‖fianlly‖SI‖En‖finally‖
‖ficed‖SI‖En‖fixed‖
‖ficticious‖SI‖En‖fictitious‖
‖fictious‖SI‖En‖fictitious‖
‖fidn‖SI‖En‖find‖
‖fiel‖SI‖En‖file‖
‖fiels‖SI‖En‖files‖
‖fiercly‖SI‖En‖fiercely‖
‖fightings‖SI‖En‖fighting‖
‖filiament‖SI‖En‖filament‖
‖filmjolk‖SI‖En‖filmjölk‖
‖fimilies‖SI‖En‖families‖
‖fin de siecle‖SI‖En‖fin de siècle‖
‖finacial‖SI‖En‖financial‖
‖finaly‖SI‖En‖finally‖
‖finalyl‖SI‖En‖finally‖
‖financialy‖SI‖En‖financially‖
‖firc‖SI‖En‖furc‖
‖firends‖SI‖En‖friends‖
‖firey‖SI‖En‖fiery‖
‖firts‖SI‖En‖first‖
‖fisionable‖SI‖En‖fissionable‖
‖flamable‖SI‖En‖flammable‖
‖flambe‖SI‖En‖flambé‖
‖flambes‖SI‖En‖flambés‖
‖flawess‖SI‖En‖flawless‖
‖fleche‖SI‖En‖flèche‖
‖flemmish‖SI‖En‖Flemish‖
‖florescent‖SI‖En‖fluorescent‖
‖flourescent‖SI‖En‖fluorescent‖
‖flouride‖SI‖En‖fluoride‖
‖fluorish‖SI‖En‖flourish‖
‖fo‖SI‖En‖of‖
C‖fo‖SI‖En‖of‖
‖focussed‖SI‖En‖focused‖
‖focusses‖SI‖En‖focuses‖
‖focussing‖SI‖En‖focusing‖
‖Fohn wind‖SI‖En‖Föhn wind‖
‖folie a deux‖SI‖En‖folie à deux‖
‖folies a deux‖SI‖En‖folies à deux‖
‖follwo‖SI‖En‖follow‖
‖follwoing‖SI‖En‖following‖
‖folowing‖SI‖En‖following‖
‖fomed‖SI‖En‖formed‖
‖fonetic‖SI‖En‖phonetic‖
‖foootball‖SI‖En‖football‖
‖fora‖SI‖En‖for a‖
‖forbad‖SI‖En‖forbade‖
‖forbiden‖SI‖En‖forbidden‖
B0‖foreign‖SI‖En‖‖
‖foreward‖SI‖En‖foreword‖
‖forfiet‖SI‖En‖forfeit‖
‖forhead‖SI‖En‖forehead‖
‖foriegn‖SI‖En‖foreign‖
‖formalhaut‖SI‖En‖Fomalhaut‖
‖formallise‖SI‖En‖formalise‖
‖formallised‖SI‖En‖formalised‖
‖formallize‖SI‖En‖formalize‖
‖formallized‖SI‖En‖formalized‖
‖formaly‖SI‖En‖formally‖
‖formelly‖SI‖En‖formerly‖
‖formost‖SI‖En‖foremost‖
‖forsaw‖SI‖En‖foresaw‖
‖forseeable‖SI‖En‖foreseeable‖
‖fortelling‖SI‖En‖foretelling‖
‖forthe‖SI‖En‖for the‖
‖forunner‖SI‖En‖forerunner‖
‖forwrd‖SI‖En‖forward‖
‖forwrds‖SI‖En‖forwards‖
‖foucs‖SI‖En‖focus‖
‖foudn‖SI‖En‖found‖
‖fouette‖SI‖En‖fouetté‖
‖fougth‖SI‖En‖fought‖
‖foundaries‖SI‖En‖foundries‖
‖foundary‖SI‖En‖foundry‖
‖foundland‖SI‖En‖Newfoundland‖
‖fourties‖SI‖En‖forties‖
‖fourty‖SI‖En‖forty‖
‖fouth‖SI‖En‖fourth‖
‖foward‖SI‖En‖forward‖
‖fowards‖SI‖En‖forwards‖
‖fransiscan‖SI‖En‖Franciscan‖
‖fransiscans‖SI‖En‖Franciscans‖
‖frappe‖SI‖En‖frappé‖
‖frappes‖SI‖En‖frappés‖
?*‖fraulein‖SI‖En‖fräulein‖
‖freind‖SI‖En‖friend‖
‖freindly‖SI‖En‖friendly‖
‖freinds‖SI‖En‖friends‖
‖frequentily‖SI‖En‖frequently‖
‖friday‖SI‖En‖Friday‖
‖frmo‖SI‖En‖from‖
‖frome‖SI‖En‖from‖
‖fromed‖SI‖En‖formed‖
‖fromt he‖SI‖En‖from the‖
‖fromthe‖SI‖En‖from the‖
‖froniter‖SI‖En‖frontier‖
‖fued‖SI‖En‖feud‖
‖fufill‖SI‖En‖fulfill‖
‖fufilled‖SI‖En‖fulfilled‖
?*‖fuhrer‖SI‖En‖‖
*‖wysiwyg/‖SI‖En‖What You See Is What You Get‖